"email":"brown.grimes@hotmail.com","password":"w_5yhfEN"
"email":"reuben.heaney@hotmail.com","password":"8JhcB_mH"
"email":"dcronin@robel.com","password":"V$qe{8+3"
"email":"hcollier@veum.com","password":"vVsU7/yN"
"email":"vemard@gmail.com","password":"gRfJ3$U7"
"email":"showell@glover.com","password":"NYt%H7F("
"email":"hector.fritsch@graham.com","password":"Jn!.kXz9"
"email":"grippin@jast.com","password":"5xP&VW$U"
"email":"zena.pfannerstill@yahoo.com","password":"H]RLAuy3"
"email":"sanford.marta@hotmail.com","password":"5/JAj.U{"
"email":"ibeatty@yahoo.com","password":"6mH@cTvq"
"email":"filiberto42@hotmail.com","password":"*8HKk.G-"
"email":"pdickens@hotmail.com","password":"U/[2qL6Y"
"email":"jstroman@gulgowski.org","password":"{(yAekH2"
"email":"rolando19@yost.info","password":"fpRe7k$("
"email":"vernie13@gmail.com","password":"x/V(!]6b"
"email":"erick90@gmail.com","password":"2bCnek?="
"email":"helen55@dare.org","password":"_8k?vz)W"
"email":"julie.terry@stehr.net","password":"}8U(j^CS"
"email":"salvatore65@yahoo.com","password":"p[$6yAq@"
"email":"raegan44@halvorson.com","password":"knGZ3YV_"
"email":"dena98@hotmail.com","password":">!QT_2zq"
"email":"nikita86@yahoo.com","password":"Ww}Q(7TB"
"email":"mkulas@gmail.com","password":"kT/6[EhW"
"email":"ohara.mckayla@yahoo.com","password":"mh}52AC+"
"email":"btowne@reynolds.com","password":"@)Ec&9.M"
"email":"dell85@yahoo.com","password":"eGd&?{a2"
"email":"bfisher@murazik.net","password":"2HfDux.d"
"email":"deontae.daniel@kunde.com","password":"-Q_+G7}a"
"email":"haag.ressie@moore.com","password":"3K.6D&Sw"
"email":"josephine.ledner@yahoo.com","password":"+Xh$MF5%"
"email":"sylvia69@kirlin.com","password":"t?2MGAs/"
"email":"laney47@russel.com","password":"ZrE-2e8("
"email":"zschaden@yahoo.com","password":"N%5B8*b2"
"email":"aric31@yahoo.com","password":"Ez)N?2fa"
"email":"douglas.alejandrin@pacocha.com","password":"-w3nKEU+"
"email":"gaylord.johan@erdman.com","password":"jH6.RZzu"
"email":"baron.sauer@hotmail.com","password":"n=Y_]9Ls"
"email":"ernser.mckenzie@koss.net","password":"BZR>)u7j"
"email":"qvolkman@franecki.com","password":"QeXC8c!W"
"email":"janet97@monahan.org","password":"e3Bab=SK"
"email":"kelly.leuschke@pagac.info","password":"8fM&uZXJ"
"email":"zroberts@yahoo.com","password":"_t8rdA*T"
"email":"diego38@gmail.com","password":"b7D&LZfs"
"email":"hkerluke@yahoo.com","password":"ZjA=K5r+"
"email":"schmidt.jacky@fahey.com","password":">Sx4YXP6"
"email":"becker.breana@hotmail.com","password":"n7dwN89?"
"email":"grady44@mcdermott.com","password":"&QEa=9uS"
"email":"clair.gutmann@dicki.net","password":"P>s)M[5x"
"email":"jmurray@hotmail.com","password":"@V?CGjZ5"
"email":"tjohns@hotmail.com","password":"k7w_8Yy$"
"email":"kiana.rogahn@hotmail.com","password":"Y/encA5w"
"email":"smckenzie@homenick.com","password":"5>}Vz{3*"
"email":"rschiller@hotmail.com","password":"M6tny_DU"
"email":"daniel.raul@ernser.com","password":")6xQa7cG"
"email":"susanna.kiehn@gmail.com","password":"=5cbX2Sg"
"email":"chadd.turner@hauck.com","password":"BCR8xK.N"
"email":"tatum38@schamberger.com","password":"LKN.GgH9"
"email":"yundt.johnpaul@yahoo.com","password":"y[&tG)w8"
"email":"claudia.ritchie@lemke.com","password":"brS=mc3H"
"email":"creola56@yahoo.com","password":"9+-Ev!.K"
"email":"morris49@hansen.com","password":"87cw^=YW"
"email":"louie.corwin@lesch.net","password":"-{+L95uk"
"email":"mcclure.hilario@terry.com","password":"TGx?F7!t"
"email":"zfranecki@hotmail.com","password":"Nt2)=LFV"
"email":"gillian.reichert@yahoo.com","password":"[>*4WnG}"
"email":"ebony.rau@jacobson.org","password":"N[kW?8wC"
"email":"lukas.rippin@gislason.com","password":"zJj-35RG"
"email":"adrianna.ondricka@yahoo.com","password":"jHg_2V.}"
"email":"ike.mante@hotmail.com","password":"%Z9^YB$y"
"email":"vhartmann@gmail.com","password":"2rJc@b(G"
"email":"adenesik@yahoo.com","password":"86ubgR*]"
"email":"kshlerin.alvera@gmail.com","password":"aLFU5/YK"
"email":"reagan.koepp@gmail.com","password":"U5qjk%h9"
"email":"ldickinson@schmidt.biz","password":"K9/Ucy3!"
"email":"harrison80@yahoo.com","password":"Ewyv+x3H"
"email":"ernesto79@bradtke.org","password":"f.w9}BYS"
"email":"kuhn.ned@hotmail.com","password":"sPj9$Dhf"
"email":"antwan75@ritchie.net","password":"?xBv$!37"
"email":"bernita.price@yahoo.com","password":"&@Kjg}9x"
"email":"dhessel@reinger.com","password":"XBby5Eu?"
"email":"qlabadie@yahoo.com","password":"/9S[paAW"
"email":"kaya94@hotmail.com","password":"bA7d]e./"
"email":"qhuel@prohaska.com","password":"mga>%7Cv"
"email":"jerrell55@mccullough.com","password":"F7h_Jfp+"
"email":"chester83@kemmer.com","password":"ZLH=9VtU"
"email":"rau.carmelo@gmail.com","password":"8/Q]wBaN"
"email":"ahartmann@hotmail.com","password":"m?3dyq&M"
"email":"lueilwitz.isai@walsh.org","password":".dHx4Z{F"
"email":"gladys.emmerich@yahoo.com","password":"er3xU9V%"
"email":"kjast@hotmail.com","password":"C+)t2qaD"
"email":"kessler.aliza@wisozk.biz","password":"W^5z8eEV"
"email":"coberbrunner@yahoo.com","password":"5bA=n7xw"
"email":"francesco11@mayer.com","password":"(*exDa52"
"email":"scormier@borer.com","password":"?VEnP!^9"
"email":"geovany.armstrong@kunze.com","password":"327pT_$5"
"email":"kbechtelar@hansen.com","password":"@s-Uz6ZM"
"email":"alysa16@yahoo.com","password":"VKf@t{9!"
"email":"ubergnaum@swaniawski.com","password":")gVPm9B."
"email":"zwhite@yahoo.com","password":"/s5&W?nS"
"email":"parisian.willow@feest.com","password":"6k2Q)H^%"
"email":"autumn.stoltenberg@hotmail.com","password":"zf[D]-H2"
"email":"jruecker@hotmail.com","password":"7Je$.zfL"
"email":"paucek.nikki@botsford.com","password":"5ng.u>Gz"
"email":"amparo.cartwright@jakubowski.com","password":"N2y6fhx/"
"email":"jmonahan@gibson.net","password":"sNM_P4S6"
"email":"millie30@hotmail.com","password":"thQ*2%aC"
"email":"sylvan.cole@gmail.com","password":"hS^uDp2N"
"email":"runte.kara@batz.net","password":"Vc9-y%]j"
"email":"romaguera.liza@bailey.com","password":"&n5UZ].g"
"email":"rogers54@damore.biz","password":"5S-3*JfM"
"email":"cbode@hotmail.com","password":"b2Ge7%nY"
"email":"khill@tremblay.com","password":"*B/Ts$D3"
"email":"msauer@schulist.com","password":"gGr@/d&8"
"email":"vernie.hammes@turcotte.org","password":"49gqce=U"
"email":"mfeil@yahoo.com","password":".!8/mwbC"
"email":"agrady@bergnaum.com","password":"DAdj7uV["
"email":"ellen69@gmail.com","password":"}7nh%?DR"
"email":"epagac@hills.com","password":"q(YeW7R/"
"email":"hickle.kirk@hane.com","password":"8CRuN-ZV"
"email":"predovic.audra@yahoo.com","password":"C6}4=[!p"
"email":"haleigh92@koelpin.info","password":"wrJ)L2t@"
"email":"yhermiston@yahoo.com","password":"N@rJXR9S"
"email":"idella30@nolan.biz","password":"}UyeNA92"
"email":"lori.hyatt@schneider.com","password":"28?Gs&xQ"
"email":"beverly.kassulke@schulist.com","password":"n@6!_DmR"
"email":"trantow.alda@hotmail.com","password":"?87e)-JP"
"email":"oberbrunner.sarai@gmail.com","password":"GQ6YZ.a["
"email":"brekke.donavon@gmail.com","password":"&@Y5)E?q"
"email":"demetrius.mcdermott@hotmail.com","password":"BDH_b2Pd"
"email":"layne66@hotmail.com","password":"XcW2^Ck%"
"email":"edmond.lehner@hahn.org","password":"Z.tsqTK5"
"email":"jana47@watsica.com","password":"@_tN*Q3f"
"email":"goodwin.lavon@steuber.org","password":"C9_N{Zm+"
"email":"prosacco.liliana@gmail.com","password":"kAN=S8gw"
"email":"berge.lilla@kautzer.com","password":"!J{u-*9X"
"email":"yfranecki@ruecker.com","password":"^>CejZb6"
"email":"halvorson.reta@doyle.com","password":"K46ta{8}"
"email":"goodwin.jackson@hagenes.biz","password":"Sk3vA8_K"
"email":"jeanette.predovic@roberts.com","password":"rYS{$X5."
"email":"marilyne.mann@gmail.com","password":"-X7Qb/*x"
"email":"schmitt.jayne@torp.biz","password":"]YBDdP-9"
"email":"khalid.greenfelder@yahoo.com","password":"4eh$pu_K"
"email":"winston73@hotmail.com","password":"rsA&X6C!"
"email":"rbashirian@boehm.com","password":"N)7aAupP"
"email":"hlang@yahoo.com","password":"g)7kNX}!"
"email":"charles.gorczany@hotmail.com","password":"=]pYL9a("
"email":"stroman.erwin@kautzer.org","password":"5jZr%d+L"
"email":"elta.deckow@hotmail.com","password":"qz@!4VQ{"
"email":"jovany69@hotmail.com","password":"(Bh/cK6W"
"email":"torphy.cassidy@gmail.com","password":"+wcg7[XT"
"email":"anderson.erdman@ankunding.biz","password":"&j5.*^FN"
"email":"ava.wuckert@hotmail.com","password":"/e)Sz5CW"
"email":"langosh.karlee@gmail.com","password":"rNbL-7yg"
"email":"herbert.mills@parisian.biz","password":"Z&9z$2pT"
"email":"mike.hettinger@connelly.info","password":"KEY9uU&d"
"email":"hailee69@yahoo.com","password":"m@X3_G{."
"email":"femmerich@wintheiser.org","password":"+*Jv8.nS"
"email":"lera82@koss.com","password":"JFBtQ}^5"
"email":"pearlie.oberbrunner@hotmail.com","password":"km5{SJ$j"
"email":"hassan84@greenholt.net","password":"gek]h&4Y"
"email":"maynard48@hotmail.com","password":"tm_5E8g4"
"email":"mozell.champlin@volkman.biz","password":"2(%U=vCa"
"email":"lukas29@ankunding.info","password":"BPFV@fn6"
"email":"snikolaus@hintz.com","password":"a>kb7h?U"
"email":"hoeger.jeromy@wiza.com","password":"B9Mhv.tk"
"email":"brekke.jamal@gmail.com","password":"TwqP3&X="
"email":"ledner.rebecca@schuppe.com","password":"/Yzhq)y7"
"email":"stark.orpha@gmail.com","password":"Js%>=G8("
"email":"glenda71@cremin.org","password":"(2juH&qd"
"email":"abshire.dangelo@hotmail.com","password":"bB9K?_a8"
"email":"lenore.abshire@hotmail.com","password":"fyZ*2F./"
"email":"lowe.edgar@harvey.com","password":"BRjs(LK2"
"email":"foster.mann@toy.com","password":"vn46=^T{"
"email":"dessie32@yahoo.com","password":"vPdn^9bc"
"email":"jcronin@boyer.net","password":"uTy3xjC^"
"email":"josianne56@jacobi.net","password":"hV}9Ms{t"
"email":"yrau@hamill.info","password":"{v3%[.*A"
"email":"nicola.mertz@rippin.org","password":"@8%qp/uF"
"email":"kerluke.dwight@jast.com","password":"HW!sv2[f"
"email":"rosemary26@gmail.com","password":"(h+JM8W9"
"email":"tmann@orn.net","password":"gf_Zjp9*"
"email":"gnikolaus@hotmail.com","password":"dEG)4>v9"
"email":"collins.maida@hamill.com","password":"Prh2Ez{R"
"email":"ephraim09@gmail.com","password":"2$LtQDRV"
"email":"wmosciski@dibbert.com","password":"F*.5h=CU"
"email":"elvera.kovacek@hauck.info","password":"BW!Kshp8"
"email":"devin86@kessler.com","password":"qj5Q4)[H"
"email":"fisher.sabina@turner.com","password":"Z(n_WL4g"
"email":"zieme.ulices@tremblay.info","password":"!LuBQ4J@"
"email":"bmetz@gmail.com","password":"aT3+s]$>"
"email":"upton.ana@shields.com","password":"wW_&+4$r"
"email":"langworth.renee@yahoo.com","password":"Z_CbN+9v"
"email":"kerluke.anthony@beer.org","password":"#NAME?"
"email":"casimir93@yahoo.com","password":"2Y@aB.c?"
"email":"oharber@hotmail.com","password":"P4FZ!hXs"
"email":"mlind@gmail.com","password":"UTqR6]73"
"email":"heidenreich.garret@miller.com","password":"+WSn4@hT"
"email":"qlangosh@gmail.com","password":"Rup}=mf6"
"email":"mbeatty@yahoo.com","password":"h-7nfpFc"
"email":"ozella16@stoltenberg.org","password":"pM8)=ra*"
"email":"kward@gmail.com","password":"DH?*RJq6"
"email":"zcarter@yahoo.com","password":"#NAME?"
"email":"kuhic.brionna@kirlin.info","password":"!y7swUQM"
"email":"onie.barrows@hotmail.com","password":"8[dn=vZY"
"email":"gchristiansen@marvin.info","password":")3^e6Ysa"
"email":"jordane89@wilkinson.com","password":"&W6_}4am"
"email":"hickle.stone@krajcik.net","password":"-sW=2vST"
"email":"maureen.kozey@yahoo.com","password":"e+mRE!7("
"email":"zboncak.horacio@hane.com","password":"$9.N+zBC"
"email":"feest.emmalee@yahoo.com","password":"#NAME?"
"email":"levi82@yahoo.com","password":"a6^eF)Wr"
"email":"lmiller@zboncak.com","password":"WH9c}v[&"
"email":"vupton@yahoo.com","password":"2Gb>uc)L"
"email":"nichole.medhurst@gmail.com","password":"Ug*y[6dX"
"email":"rae.koelpin@hotmail.com","password":"v3!xjRE2"
"email":"elinore29@parisian.com","password":"pPw7L>?k"
"email":"connelly.johnpaul@mills.com","password":"rC?25Ljx"
"email":"murphy.stark@yahoo.com","password":"=5PTbDvH"
"email":"avon@crooks.com","password":"wU7FW^LH"
"email":"quitzon.hollis@padberg.com","password":"Am8TH?uP"
"email":"guido.torphy@hotmail.com","password":"Y&A4>rF9"
"email":"emilio43@hotmail.com","password":"t_Ma5pK{"
"email":"strosin.alex@hotmail.com","password":"%VF+85y)"
"email":"oward@tromp.com","password":"@T6u+Ksb"
"email":"jaquelin.toy@gmail.com","password":"Ue.KYmw4"
"email":"vwehner@hotmail.com","password":"#NAME?"
"email":"jaskolski.silas@sawayn.net","password":"r8.7QE5N"
"email":"roob.nedra@romaguera.com","password":"9t[U>{Mx"
"email":"federico.moore@lemke.com","password":"$[t{E5Z>"
"email":"fullrich@gmail.com","password":"nrq7u-?P"
"email":"issac51@conn.com","password":"N.r($C&7"
"email":"therese.nicolas@farrell.com","password":"&EA)Gcj7"
"email":"keeley57@yahoo.com","password":"5P?J}jYC"
"email":"sigmund.frami@mayer.com","password":"TaD8E{X+"
"email":"marques80@ruecker.com","password":"*!4eFc.G"
"email":"hand.erica@miller.org","password":"s_4w5Pct"
"email":"nquitzon@yahoo.com","password":"PY9]_Utu"
"email":"wisozk.mervin@zulauf.net","password":"nK>b$d2*"
"email":"obernier@gmail.com","password":"s5n.WVwK"
"email":"kirlin.lamont@olson.org","password":".RWakyX2"
"email":"predovic.charles@mann.com","password":"T4YnDP9^"
"email":"idickens@kuvalis.com","password":"zQs+2v4%"
"email":"gutkowski.julia@yahoo.com","password":"mewFz9&>"
"email":"feeney.pasquale@hotmail.com","password":"5E>V.SmJ"
"email":"ogrimes@bruen.org","password":"7WNszKp("
"email":"pdickinson@bednar.com","password":"n>UV5964"
"email":"irving.senger@funk.org","password":"M-yp5^9s"
"email":"dkeebler@nicolas.net","password":"b%KrS3zP"
"email":"ankunding.luz@shanahan.com","password":"%7cEv.DR"
"email":"ondricka.ansley@schiller.com","password":"Y&7@3nx^"
"email":"aurelio87@murphy.org","password":"s!7XLy$a"
"email":"hegmann.kailyn@lemke.net","password":"MDP4>xdC"
"email":"shane@yahoo.com","password":"7TJK_&+j"
"email":"uokon@schamberger.com","password":"ut6{GEpJ"
"email":"elva72@yahoo.com","password":"8%6q[bQy"
"email":"agustina08@cormier.net","password":"5Npk&jGa"
"email":"dheidenreich@gmail.com","password":"{u)eZHq8"
"email":"donny97@west.com","password":"wJn3%{Q>"
"email":"fay.ellie@dare.com","password":"y)S9U?%X"
"email":"thaddeus69@stamm.com","password":"dbxhFt>4"
"email":"eileen.herzog@johns.com","password":"&2?$tTcM"
"email":"coleman44@hudson.com","password":"j5([&P?n"
"email":"cesar.mccullough@herzog.com","password":"a@7QL?d_"
"email":"katrine.bergstrom@yahoo.com","password":"2qu8mKP+"
"email":"vbruen@gmail.com","password":"RyE/?2=D"
"email":"luettgen.felicita@hotmail.com","password":"nhg_8QS+"
"email":"elyse37@stark.com","password":"2CEA-xgT"
"email":"oswaldo.heller@gmail.com","password":"XvT8bL>K"
"email":"deja.crooks@grant.com","password":"H_s2u6Ub"
"email":"rohan.erik@kunze.com","password":"n*62E${c"
"email":"beatrice39@ryan.info","password":"hP>^q42&"
"email":"ehegmann@yahoo.com","password":"DY7xu?qg"
"email":"tstoltenberg@gmail.com","password":"Ju>*AD9-"
"email":"schuster.lance@keeling.com","password":"?4cP+&s_"
"email":"brown.amanda@raynor.com","password":"Y[FX2@na"
"email":"rblick@yahoo.com","password":"!q4fFUg+"
"email":"omer14@gmail.com","password":"9MjYXnS&"
"email":"abigayle.johnson@parisian.com","password":"?kUP8A3b"
"email":"fbergstrom@hotmail.com","password":"AMU2c/_X"
"email":"jessica.jacobs@nienow.com","password":"dp)=NP2!"
"email":"omari92@klein.org","password":"9Bm6*h.a"
"email":"rcrona@steuber.org","password":"ZJH%2^yK"
"email":"crona.eduardo@cruickshank.com","password":"Q8@.RhMP"
"email":"schiller.dewayne@quigley.com","password":"L6]5dAnH"
"email":"oscar.fay@carroll.com","password":"QCq6Mj@T"
"email":"zprice@hotmail.com","password":"=FV]?%h8"
"email":"czemlak@hotmail.com","password":"#NAME?"
"email":"quinten.schimmel@cummerata.com","password":"9x].uP?r"
"email":"rpagac@hotmail.com","password":"}KT{Fb4f"
"email":"sylvia.romaguera@yahoo.com","password":"-f!L7%su"
"email":"fheathcote@yahoo.com","password":"ukV{-t27"
"email":"damore.verla@schaefer.com","password":"^fy$F2x+"
"email":"lori85@yahoo.com","password":"gJ2Pz@ur"
"email":"jairo.block@yahoo.com","password":"%sxWa(7b"
"email":"schoen.marjorie@yahoo.com","password":"9X}j5MDR"
"email":"molly.gulgowski@smitham.biz","password":"sv^g8HN5"
"email":"rstark@hotmail.com","password":"r@b8K({E"
"email":"ngreen@gmail.com","password":"J)9}Bg76"
"email":"hollie.parker@hotmail.com","password":"aHW>r!7?"
"email":"crooks.rico@renner.org","password":"8>P-hB}w"
"email":"bkovacek@windler.info","password":"qVU6wr=N"
"email":"qondricka@stanton.info","password":"Xz[6D>G*"
"email":"wdurgan@yahoo.com","password":"ec5)uK/b"
"email":"chuel@yahoo.com","password":"=Vy/]T9j"
"email":"bryana34@gmail.com","password":"_83YQUmW"
"email":"graham.carole@yahoo.com","password":")b!Gw2%}"
"email":"jermaine.pagac@beatty.com","password":"7hWnq9_?"
"email":"fmurphy@mraz.com","password":"{w8n]BmQ"
"email":"yhickle@adams.com","password":"xE2_MRvG"
"email":"kiehn.cooper@nikolaus.info","password":"Hx%.hj29"
"email":"hermann.anika@wunsch.info","password":"qE^48DQk"
"email":"brendan36@smith.com","password":"uzg=Y2p]"
"email":"gkunde@gmail.com","password":"6V)eEN_2"
"email":"fidel.wuckert@gmail.com","password":"KYd5Ae$["
"email":"malvina18@hoppe.com","password":"=qDjy6z-"
"email":"grayson.auer@yahoo.com","password":"7rD%jXQ5"
"email":"pchristiansen@kuphal.org","password":"y7)K3?9*"
"email":"hand.lloyd@gmail.com","password":"j}Wd)Dy4"
"email":"gino.kreiger@gmail.com","password":"C[GpBn2t"
"email":"ocronin@hotmail.com","password":"n{a^U92s"
"email":"alexie47@yahoo.com","password":"#NAME?"
"email":"gregory.kuhn@hessel.com","password":"H&.sbe8D"
"email":"roel.bartoletti@pfannerstill.org","password":"^9dS$q5/"
"email":"cydney.harber@yahoo.com","password":"]W^?{G7a"
"email":"garnet17@blick.org","password":"Gz$_9Eep"
"email":"harvey.bill@gmail.com","password":"KE_Sw9m%"
"email":"jaydon45@gmail.com","password":"ft5QwM[%"
"email":"judge31@yahoo.com","password":"d8h7P*Ua"
"email":"sidney19@yahoo.com","password":"Krd3@Gw7"
"email":"norene.kiehn@powlowski.com","password":"jB}4A9*r"
"email":"elenor01@gmail.com","password":"=n+>6sK_"
"email":"jacky58@cassin.com","password":"abrZm.g2"
"email":"alysha96@yahoo.com","password":"!REsWPX6"
"email":"kuhn.kaelyn@keebler.com","password":"mghk2]Tp"
"email":"fay.bettye@yahoo.com","password":"AgT*H6c."
"email":"darrion05@weber.com","password":"mZF&hU$4"
"email":"yjerde@jakubowski.com","password":"8gnYB%*m"
"email":"jmorissette@gmail.com","password":"GNVvP%3F"
"email":"mose12@koch.com","password":"7m3W(Z}G"
"email":"qrogahn@yahoo.com","password":"ugz8BaN("
"email":"lemuel45@gutkowski.org","password":"7xJqTbM&"
"email":"ybergstrom@yahoo.com","password":"6hV_(L^>"
"email":"littel.amir@gmail.com","password":"8]HzNse3"
"email":"swift.shad@halvorson.com","password":"RN[7/Yf8"
"email":"quigley.holden@hotmail.com","password":"{V92dt@L"
"email":"alexanne54@boyle.com","password":"P-5Yp$X/"
"email":"kirstin51@goodwin.com","password":"]{)S[3sj"
"email":"robert.pfannerstill@gmail.com","password":"9V*4FWAb"
"email":"smith.casimir@yahoo.com","password":"bw5QAj!+"
"email":"tracey.casper@durgan.com","password":".xeq8WCE"
"email":"jany.erdman@hotmail.com","password":"*!PyV3w9"
"email":"ilehner@hotmail.com","password":"4$5zT8-x"
"email":"jude.beatty@sipes.com","password":"P^)&5n=G"
"email":"mona.harber@yahoo.com","password":"8MdF}yhn"
"email":"esmeralda98@wilkinson.biz","password":"Ue5(X6p+"
"email":"green.jamison@hotmail.com","password":"c^2.K[eH"
"email":"jackeline.hamill@prohaska.info","password":">d$Y2RH*"
"email":"feil.fredrick@torp.com","password":"J$^n6X+d"
"email":"lonny41@yahoo.com","password":")LbFtTv7"
"email":"emiliano.zieme@buckridge.com","password":"4/UQEs>Y"
"email":"cbednar@hotmail.com","password":"?W%cGr7E"
"email":"kelsie99@hotmail.com","password":"M2-zcEdy"
"email":"okeefe.anya@hotmail.com","password":"?kvq)W7u"
"email":"koss.damion@hotmail.com","password":"L8YT]d2$"
"email":"velva64@hotmail.com","password":"2{?V6}b8"
"email":"grayson.legros@franecki.com","password":"2yMHC&Z>"
"email":"mayert.meda@yahoo.com","password":"Z^*%4eju"
"email":"slittel@hotmail.com","password":"e.n2_$Wx"
"email":"hammes.gianni@gmail.com","password":"2x@jJ3+6"
"email":"ohintz@gmail.com","password":"&W5f.]SM"
"email":"mateo13@watsica.com","password":"*ymb&9LB"
"email":"winona50@morar.biz","password":"J^w=96N["
"email":"xheidenreich@rippin.com","password":"PG+Zf-M2"
"email":"nlind@walker.com","password":"Qs2)3^%>"
"email":"german55@gmail.com","password":"m4X%Y^Jr"
"email":"elmore10@reynolds.biz","password":"np.78$qU"
"email":"ed23@gmail.com","password":"]>aub8.J"
"email":"gorczany.aniyah@gmail.com","password":"3djeC*RN"
"email":"balistreri.brooks@gmail.com","password":"trSf%J5F"
"email":"jmiller@yahoo.com","password":"nVy_SU6&"
"email":"keanu.frami@hintz.com","password":"!z4{DWA."
"email":"destiny26@gmail.com","password":"7.4gSK=B"
"email":"garett.bruen@hotmail.com","password":"6?PnLq9S"
"email":"alessia.aufderhar@hotmail.com","password":"&Rw2jVJk"
"email":"schinner.darion@gmail.com","password":"9b?$5zMt"
"email":"myrtice.kertzmann@littel.net","password":"T8%.Uyb}"
"email":"wilma.becker@stanton.com","password":"9MCgXU_a"
"email":"imani81@boyle.com","password":"4ueaBMA+"
"email":"hessel.anabelle@yahoo.com","password":"+78Q&5Mw"
"email":"scottie.beer@halvorson.com","password":"cY95a(JC"
"email":"chelsey08@ruecker.com","password":"9FU(y_2/"
"email":"rashawn39@bosco.com","password":"_^Ubm{S7"
"email":"doyle.bertram@kuhic.com","password":"pSqrg6-U"
"email":"berge.elmer@yahoo.com","password":"m6}7CpL!"
"email":"edythe.kiehn@koepp.org","password":"Z7@xzbsn"
"email":"armani.lynch@hotmail.com","password":"^?-Q{8m4"
"email":"iwuckert@yahoo.com","password":"Rt3f.4es"
"email":"hoppe.benton@schowalter.com","password":"XKE$(d3n"
"email":"vrutherford@balistreri.com","password":".@5KkqvD"
"email":"jarrod13@ullrich.biz","password":"@P4s>XgH"
"email":"leffler.stanley@keebler.com","password":"h@X7wEaA"
"email":"candace99@mosciski.biz","password":"3@r&^jD6"
"email":"hallie12@terry.biz","password":"h6C.8>Wt"
"email":"norma40@yahoo.com","password":"m5+XdMuB"
"email":"schmeler.jedediah@gmail.com","password":"jG=s8)*3"
"email":"tom87@mann.net","password":"DU4SH-d3"
"email":"dalton.mcclure@mcglynn.org","password":"6JDu}E(c"
"email":"sid81@gmail.com","password":"yLMsH4n{"
"email":"hagenes.arielle@gmail.com","password":"y-$6)QB>"
"email":"mhansen@pagac.com","password":".8=dwzNs"
"email":"jessy.schulist@gmail.com","password":"?9Fu&LjN"
"email":"kyleigh.west@yahoo.com","password":"jx&b9P!+"
"email":"nstiedemann@hotmail.com","password":"wX/=3Rq)"
"email":"lolson@borer.com","password":"%9kX8)A+"
"email":"harmony.emard@damore.com","password":"9eJcDrx^"
"email":"thompson.blake@hotmail.com","password":"Qn-)9BS4"
"email":"kadin.ryan@gmail.com","password":"25(B$R?j"
"email":"lsmitham@hirthe.com","password":"bM.2-mhd"
"email":"cremin.kennedy@von.info","password":"buAsD]9w"
"email":"morar.garrett@hayes.info","password":"rW8Q*2@y"
"email":"jerome.damore@will.com","password":"@Th7tC3w"
"email":"carrie33@runolfsdottir.org","password":"bS37}am8"
"email":"crona.verner@romaguera.net","password":"=e2G*bz]"
"email":"irath@reynolds.com","password":"y)AcQ2FD"
"email":"steuber.marta@hotmail.com","password":"Evd&qj7T"
"email":"violet96@yahoo.com","password":"#NAME?"
"email":"beatty.bennett@quigley.com","password":"mfbG8CZ?"
"email":"lucie.zieme@yahoo.com","password":"8+SL=(rD"
"email":"goodwin.ellis@connelly.biz","password":"VWFMj_5G"
"email":"macejkovic.blanca@yahoo.com","password":"ZJ?2LYwy"
"email":"heller.deanna@hotmail.com","password":"Z9*p45wS"
"email":"pmraz@hotmail.com","password":"kU-wDE7r"
"email":"nohara@jaskolski.com","password":"N*D4Y7Kw"
"email":"haleigh.rohan@hotmail.com","password":"k%[pt3GK"
"email":"mcglynn.dejuan@gmail.com","password":"6F9=srBh"
"email":"deckow.sidney@yahoo.com","password":"4RVS?3dX"
"email":"lprice@watsica.com","password":"E[y*dj2D"
"email":"oconner.sven@yahoo.com","password":"NL4rtM*s"
"email":"umante@gmail.com","password":"+6r4gP!."
"email":"ulices.heller@stokes.com","password":"d$H4+mbr"
"email":"goyette.elsie@greenfelder.com","password":"7UuS!>n@"
"email":"alexane83@lemke.com","password":"vDy=w4L{"
"email":"frances57@yahoo.com","password":"u92Yvqy>"
"email":"barry.mcdermott@hotmail.com","password":"D_5tH+YT"
"email":"crona.bart@johns.org","password":"C$qkS.>7"
"email":"william24@brekke.org","password":"9xjMe-az"
"email":"lemke.abraham@hotmail.com","password":"8xW>nsmF"
"email":"schinner.cortney@stamm.biz","password":"mpN?xfG2"
"email":"xroob@yahoo.com","password":"D7(sdgfV"
"email":"ritchie.meghan@renner.com","password":"s3CDf*=K"
"email":"ljohns@hotmail.com","password":"S2!)4k_7"
"email":"danny54@marvin.com","password":"n4$AJ3yx"
"email":"enid.kreiger@abernathy.com","password":"-5XKqrfz"
"email":"savanna48@ortiz.com","password":"zTyBwV/9"
"email":"araceli29@gmail.com","password":"2[YvVEGX"
"email":"kirlin.ardith@yahoo.com","password":"]k53TZ9v"
"email":"anderson.alivia@yahoo.com","password":"r&e8CkJ_"
"email":"ycarroll@yahoo.com","password":"NL.Xx2kS"
"email":"gklein@hotmail.com","password":"97(pkWY]"
"email":"luettgen.bella@osinski.net","password":"{APf4_Q7"
"email":"rjaskolski@gmail.com","password":"=n7ZxMJ)"
"email":"maudie24@hotmail.com","password":"U=m(P4Nb"
"email":"bailee80@hotmail.com","password":"2YUh=@/{"
"email":"ferry.trenton@gmail.com","password":"tSr.Tz_3"
"email":"alexandra.rippin@shanahan.com","password":"*a)3ZXL4"
"email":"angie.hahn@oconnell.com","password":"s[PK+9rv"
"email":"powlowski.henriette@metz.com","password":"s?a6FyLr"
"email":"fisher.karianne@bins.com","password":"kTr@X8Mb"
"email":"lucienne44@yahoo.com","password":"7w?/R=PE"
"email":"devante63@runolfsdottir.biz","password":"Md&vm7{q"
"email":"nyah.hahn@hotmail.com","password":"8hF*.X7A"
"email":"npagac@hotmail.com","password":"&k/3TQts"
"email":"adolf.conn@hotmail.com","password":"%2*wB}v5"
"email":"paucek.ron@watsica.net","password":"{3g5BvA["
"email":"ziemann.wilfred@goodwin.biz","password":"DPfTV3])"
"email":"aroberts@yahoo.com","password":"=/D4v*n)"
"email":"kbradtke@hotmail.com","password":"^5Par&RA"
"email":"granville.douglas@hotmail.com","password":"wt.T8A9a"
"email":"dpredovic@hotmail.com","password":"F3k4-@59"
"email":"bosco.river@herman.com","password":"DV^S=9b2"
"email":"gregory.macejkovic@nolan.com","password":"dgE7()Kx"
"email":"rmoore@yahoo.com","password":"#NAME?"
"email":"akeem41@gmail.com","password":"j3yQ!T.p"
"email":"brown.edyth@hotmail.com","password":">{z/Sna4"
"email":"skuvalis@cremin.com","password":"9+UbwH.8"
"email":"vwalsh@gmail.com","password":"@3*%Y[7c"
"email":"naomie.stoltenberg@tromp.biz","password":"E=Yz![4@"
"email":"jenkins.sandrine@yahoo.com","password":"[&p_U6r%"
"email":"krajcik.loyce@yahoo.com","password":"ks-NSb9M"
"email":"abigale39@mayert.com","password":"?wN2hsT-"
"email":"qbeier@hotmail.com","password":"3Zpt>Aqa"
"email":"vdooley@hotmail.com","password":"j9PRy+&M"
"email":"graham.donato@cummings.com","password":"h2tT%)6k"
"email":"bernhard.myah@prohaska.biz","password":"5wA+JpPe"
"email":"raul17@oconnell.org","password":"2%N7BcAL"
"email":"ruthe72@bahringer.com","password":"ZX-5@$dH"
"email":"glangworth@heaney.com","password":"eA>_xb8Z"
"email":"shyanne.orn@hotmail.com","password":"+wk4R=B]"
"email":"nbartell@hotmail.com","password":"?P8aH+4S"
"email":"nayeli26@hotmail.com","password":"=qDjy6z-"
"email":"nora.block@hotmail.com","password":"7rD%jXQ5"
"email":"curt.harris@hotmail.com","password":"y7)K3?9*"
"email":"candace.tremblay@sanford.com","password":"j}Wd)Dy4"
"email":"kshlerin.cordell@macejkovic.net","password":"C[GpBn2t"
"email":"ella27@yahoo.com","password":"n{a^U92s"
"email":"chanel04@yahoo.com","password":"#NAME?"
"email":"kira.prosacco@crona.com","password":"H&.sbe8D"
"email":"milton.morissette@ledner.com","password":"^9dS$q5/"
"email":"winona.wintheiser@yahoo.com","password":"]W^?{G7a"
"email":"marcelina.moore@hotmail.com","password":"Gz$_9Eep"
"email":"collier.madilyn@vonrueden.info","password":"KE_Sw9m%"
"email":"mcclure.yvonne@hammes.com","password":"ft5QwM[%"
"email":"ryleigh.cummerata@yahoo.com","password":"d8h7P*Ua"
"email":"mattie79@kiehn.org","password":"Krd3@Gw7"
"email":"holden.rowe@yahoo.com","password":"jB}4A9*r"
"email":"jany32@franecki.com","password":"=n+>6sK_"
"email":"guillermo83@stehr.com","password":"abrZm.g2"
"email":"tatyana14@gmail.com","password":"!REsWPX6"
"email":"bahringer.camren@grant.org","password":"mghk2]Tp"
"email":"hklein@von.com","password":"AgT*H6c."
"email":"darien62@yahoo.com","password":"mZF&hU$4"
"email":"marty.west@yahoo.com","password":"8gnYB%*m"
"email":"aschuppe@gaylord.com","password":"GNVvP%3F"
"email":"elliot12@erdman.com","password":"7m3W(Z}G"
"email":"zeichmann@hotmail.com","password":"ugz8BaN("
"email":"umohr@funk.com","password":"7xJqTbM&"
"email":"gorczany.heath@lynch.com","password":"6hV_(L^>"
"email":"celestine08@greenholt.com","password":"8]HzNse3"
"email":"winnifred65@gmail.com","password":"RN[7/Yf8"
"email":"flavie68@yahoo.com","password":"{V92dt@L"
"email":"jana.jacobi@gerlach.com","password":"P-5Yp$X/"
"email":"erogahn@yahoo.com","password":"]{)S[3sj"
"email":"cummerata.elmira@denesik.biz","password":"9V*4FWAb"
"email":"mellie98@yahoo.com","password":"bw5QAj!+"
"email":"muhammad.marks@cronin.biz","password":".xeq8WCE"
"email":"maximillia89@hotmail.com","password":"*!PyV3w9"
"email":"jamil27@kshlerin.info","password":"4$5zT8-x"
"email":"ltrantow@barton.biz","password":"P^)&5n=G"
"email":"ursula22@abbott.com","password":"8MdF}yhn"
"email":"greenfelder.pansy@lang.com","password":"Ue5(X6p+"
"email":"jade.hegmann@kub.com","password":"c^2.K[eH"
"email":"luettgen.esther@bauch.com","password":">d$Y2RH*"
"email":"chad.rippin@gmail.com","password":"J$^n6X+d"
"email":"thora.smitham@hotmail.com","password":")LbFtTv7"
"email":"wisozk.norene@schmidt.com","password":"4/UQEs>Y"
"email":"schuppe.rickey@bernhard.com","password":"?W%cGr7E"
"email":"lela80@hotmail.com","password":"M2-zcEdy"
"email":"xlang@lowe.biz","password":"?kvq)W7u"
"email":"bechtelar.thad@yahoo.com","password":"L8YT]d2$"
"email":"nannie.oberbrunner@yahoo.com","password":"2{?V6}b8"
"email":"thessel@parker.com","password":"2yMHC&Z>"
"email":"una99@corkery.com","password":"Z^*%4eju"
"email":"nikita.nolan@pouros.com","password":"e.n2_$Wx"
"email":"omurphy@yahoo.com","password":"2x@jJ3+6"
"email":"yessenia09@lang.com","password":"&W5f.]SM"
"email":"vdaugherty@kuphal.com","password":"*ymb&9LB"
"email":"annabell.hegmann@stiedemann.net","password":"J^w=96N["
"email":"gutmann.lilla@yahoo.com","password":"PG+Zf-M2"
"email":"dkirlin@morissette.net","password":"Qs2)3^%>"
"email":"iruecker@gmail.com","password":"m4X%Y^Jr"
"email":"gcassin@champlin.org","password":"np.78$qU"
"email":"gutkowski.delia@yahoo.com","password":"]>aub8.J"
"email":"sfahey@rowe.biz","password":"3djeC*RN"
"email":"aidan.collins@hotmail.com","password":"trSf%J5F"
"email":"aubree.bednar@crist.org","password":"nVy_SU6&"
"email":"oceane.hills@welch.biz","password":"!z4{DWA."
"email":"swilliamson@johnston.com","password":"7.4gSK=B"
"email":"vemmerich@yahoo.com","password":"6?PnLq9S"
"email":"zackary.gulgowski@cronin.com","password":"&Rw2jVJk"
"email":"owen43@hotmail.com","password":"9b?$5zMt"
"email":"blaise.greenfelder@hotmail.com","password":"T8%.Uyb}"
"email":"elisabeth51@hotmail.com","password":"9MCgXU_a"
"email":"caterina64@franecki.info","password":"4ueaBMA+"
"email":"huels.luella@langosh.com","password":"+78Q&5Mw"
"email":"wboehm@bauch.com","password":"cY95a(JC"
"email":"davonte19@gmail.com","password":"9FU(y_2/"
"email":"qlind@yahoo.com","password":"_^Ubm{S7"
"email":"pjohnson@yahoo.com","password":"pSqrg6-U"
"email":"vbecker@yahoo.com","password":"m6}7CpL!"
"email":"anthony.franecki@heidenreich.biz","password":"Z7@xzbsn"
"email":"rklocko@yahoo.com","password":"^?-Q{8m4"
"email":"ylittel@keebler.org","password":"Rt3f.4es"
"email":"juana58@hills.com","password":"XKE$(d3n"
"email":"ddicki@yahoo.com","password":".@5KkqvD"
"email":"alyson09@gmail.com","password":"@P4s>XgH"
"email":"oconnell.dedric@prohaska.net","password":"h@X7wEaA"
"email":"skiles.malcolm@hotmail.com","password":"3@r&^jD6"
"email":"oconnell.helen@hotmail.com","password":"h6C.8>Wt"
"email":"skeeling@yahoo.com","password":"m5+XdMuB"
"email":"ljohnston@yahoo.com","password":"jG=s8)*3"
"email":"wyman.schaden@yahoo.com","password":"DU4SH-d3"
"email":"pfeffer.genoveva@nolan.com","password":"6JDu}E(c"
"email":"alexis49@greenfelder.com","password":"yLMsH4n{"
"email":"eugenia89@gmail.com","password":"y-$6)QB>"
"email":"teichmann@yahoo.com","password":".8=dwzNs"
"email":"duncan33@osinski.org","password":"?9Fu&LjN"
"email":"cgerlach@batz.com","password":"jx&b9P!+"
"email":"emmitt10@medhurst.org","password":"wX/=3Rq)"
"email":"domenick97@cummerata.com","password":"%9kX8)A+"
"email":"christa42@stoltenberg.net","password":"9eJcDrx^"
"email":"walsh.albert@yahoo.com","password":"Qn-)9BS4"
"email":"krolfson@yahoo.com","password":"25(B$R?j"
"email":"tremaine.kovacek@schoen.net","password":"bM.2-mhd"
"email":"bertrand97@wolff.info","password":"buAsD]9w"
"email":"okon.addie@thompson.biz","password":"rW8Q*2@y"
"email":"dedric.oconner@gmail.com","password":"@Th7tC3w"
"email":"zpredovic@runte.com","password":"bS37}am8"
"email":"udouglas@quigley.com","password":"=e2G*bz]"
"email":"gail.langworth@gmail.com","password":"y)AcQ2FD"
"email":"zulauf.jennie@lesch.info","password":"Evd&qj7T"
"email":"cielo.mohr@tremblay.info","password":"#NAME?"
"email":"ehayes@yahoo.com","password":"mfbG8CZ?"
"email":"kiehn.eloise@abernathy.com","password":"8+SL=(rD"
"email":"fritsch.dahlia@abbott.info","password":"VWFMj_5G"
"email":"zula78@padberg.com","password":"ZJ?2LYwy"
"email":"elena65@witting.com","password":"Z9*p45wS"
"email":"hauck.aletha@yahoo.com","password":"kU-wDE7r"
"email":"ryan.deon@botsford.com","password":"N*D4Y7Kw"
"email":"rae.nitzsche@conroy.com","password":"k%[pt3GK"
"email":"okeefe.gay@veum.com","password":"6F9=srBh"
"email":"marianna.flatley@corwin.com","password":"4RVS?3dX"
"email":"antonietta.vandervort@dibbert.net","password":"E[y*dj2D"
"email":"mara59@raynor.com","password":"NL4rtM*s"
"email":"kub.mae@schaden.com","password":"+6r4gP!."
"email":"yconn@gmail.com","password":"d$H4+mbr"
"email":"jaqueline.block@hodkiewicz.com","password":"7UuS!>n@"
"email":"ewyman@gmail.com","password":"vDy=w4L{"
"email":"konopelski.arlene@hotmail.com","password":"u92Yvqy>"
"email":"stanford72@gmail.com","password":"D_5tH+YT"
"email":"bbailey@keebler.com","password":"C$qkS.>7"
"email":"kunde.flossie@hotmail.com","password":"9xjMe-az"
"email":"kyleigh.huel@lowe.com","password":"8xW>nsmF"
"email":"jgutkowski@gmail.com","password":"mpN?xfG2"
"email":"roger.volkman@yahoo.com","password":"D7(sdgfV"
"email":"okeefe.wilfredo@nikolaus.com","password":"s3CDf*=K"
"email":"vstanton@hotmail.com","password":"S2!)4k_7"
"email":"freeman35@hotmail.com","password":"n4$AJ3yx"
"email":"ulynch@dicki.com","password":"-5XKqrfz"
"email":"conn.bulah@yahoo.com","password":"zTyBwV/9"
"email":"scremin@walter.biz","password":"2[YvVEGX"
"email":"gerhold.chester@donnelly.info","password":"]k53TZ9v"
"email":"beier.charles@ferry.biz","password":"r&e8CkJ_"
"email":"gus.willms@yahoo.com","password":"NL.Xx2kS"
"email":"gleason.mittie@yahoo.com","password":"97(pkWY]"
"email":"schaefer.cheyenne@ferry.net","password":"{APf4_Q7"
"email":"ggreenholt@gmail.com","password":"=n7ZxMJ)"
"email":"jensen.daugherty@feeney.com","password":"U=m(P4Nb"
"email":"pmuller@hotmail.com","password":"2YUh=@/{"
"email":"hledner@yahoo.com","password":"tSr.Tz_3"
"email":"carissa.strosin@lowe.net","password":"*a)3ZXL4"
"email":"jayce.sauer@bode.biz","password":"s[PK+9rv"
"email":"susanna.oconner@hayes.info","password":"s?a6FyLr"
"email":"janis81@shields.com","password":"kTr@X8Mb"
"email":"melba.oconnell@hotmail.com","password":"7w?/R=PE"
"email":"rhalvorson@schmeler.com","password":"Md&vm7{q"
"email":"creinger@huel.com","password":"8hF*.X7A"
"email":"schaefer.jerad@yahoo.com","password":"&k/3TQts"
"email":"wintheiser.skye@boyle.biz","password":"%2*wB}v5"
"email":"block.reece@kub.info","password":"{3g5BvA["
"email":"alfonso.renner@hotmail.com","password":"DPfTV3])"
"email":"lubowitz.jerel@yahoo.com","password":"=/D4v*n)"
"email":"zberge@schamberger.org","password":"^5Par&RA"
"email":"miller.clair@yahoo.com","password":"wt.T8A9a"
"email":"stacy.mcglynn@gmail.com","password":"F3k4-@59"
"email":"maymie.daugherty@hotmail.com","password":"DV^S=9b2"
"email":"qpadberg@corwin.org","password":"dgE7()Kx"
"email":"wuckert.jaylan@goodwin.com","password":"#NAME?"
"email":"coralie00@altenwerth.info","password":"j3yQ!T.p"
"email":"oconnelly@yahoo.com","password":">{z/Sna4"
"email":"pearlie.wiegand@feil.com","password":"9+UbwH.8"
"email":"borer.myah@gmail.com","password":"@3*%Y[7c"
"email":"kristin48@senger.biz","password":"E=Yz![4@"
"email":"blick.myrna@cassin.info","password":"[&p_U6r%"
"email":"darrick18@nicolas.com","password":"ks-NSb9M"
"email":"tania66@hotmail.com","password":"?wN2hsT-"
"email":"barbara.greenholt@dietrich.com","password":"3Zpt>Aqa"
"email":"hahn.jameson@ritchie.com","password":"j9PRy+&M"
"email":"carol15@adams.com","password":"h2tT%)6k"
"email":"uolson@hotmail.com","password":"5wA+JpPe"
"email":"zmclaughlin@beer.com","password":"2%N7BcAL"
"email":"alison.douglas@hotmail.com","password":"ZX-5@$dH"
"email":"xstiedemann@ratke.com","password":"eA>_xb8Z"
"email":"nash52@mann.net","password":"+wk4R=B]"
"email":"durgan.deanna@bartell.com","password":"?P8aH+4S"
"email":"izaiah.orn@mohr.net","password":"=qDjy6z-"
"email":"jarret89@goldner.com","password":"7rD%jXQ5"
"email":"carolanne.roberts@yahoo.com","password":"y7)K3?9*"
"email":"abdul.macejkovic@yahoo.com","password":"j}Wd)Dy4"
"email":"willa.batz@yahoo.com","password":"C[GpBn2t"
"email":"kirstin.hackett@braun.com","password":"n{a^U92s"
"email":"prince51@gmail.com","password":"#NAME?"
"email":"pzulauf@gmail.com","password":"H&.sbe8D"
"email":"mfarrell@yahoo.com","password":"^9dS$q5/"
"email":"bhodkiewicz@yahoo.com","password":"]W^?{G7a"
"email":"reginald.dietrich@yahoo.com","password":"Gz$_9Eep"
"email":"marquardt.skye@gmail.com","password":"KE_Sw9m%"
"email":"maureen31@dare.biz","password":"ft5QwM[%"
"email":"keeling.darrick@hotmail.com","password":"d8h7P*Ua"
"email":"eula.bernhard@raynor.com","password":"Krd3@Gw7"
"email":"demario50@hotmail.com","password":"jB}4A9*r"
"email":"jaylan.sipes@yahoo.com","password":"=n+>6sK_"
"email":"annalise.kautzer@barrows.com","password":"abrZm.g2"
"email":"schuppe.kelsie@gleason.info","password":"!REsWPX6"
"email":"rose36@rodriguez.com","password":"mghk2]Tp"
"email":"anderson.naomie@yundt.com","password":"AgT*H6c."
"email":"nitzsche.rosendo@oreilly.net","password":"mZF&hU$4"
"email":"yziemann@kihn.com","password":"8gnYB%*m"
"email":"andre.stiedemann@gmail.com","password":"GNVvP%3F"
"email":"eveline40@herzog.com","password":"7m3W(Z}G"
"email":"neal85@heller.com","password":"ugz8BaN("
"email":"mary35@gmail.com","password":"7xJqTbM&"
"email":"mariane71@collins.com","password":"6hV_(L^>"
"email":"vboehm@hessel.org","password":"8]HzNse3"
"email":"faye.cormier@yahoo.com","password":"RN[7/Yf8"
"email":"dee79@hotmail.com","password":"{V92dt@L"
"email":"skiles.elsa@graham.com","password":"P-5Yp$X/"
"email":"writchie@yahoo.com","password":"]{)S[3sj"
"email":"yhettinger@yahoo.com","password":"9V*4FWAb"
"email":"yveum@bins.com","password":"bw5QAj!+"
"email":"camryn36@hotmail.com","password":".xeq8WCE"
"email":"little.natasha@hotmail.com","password":"*!PyV3w9"
"email":"woconner@hotmail.com","password":"4$5zT8-x"
"email":"johann.orn@christiansen.com","password":"P^)&5n=G"
"email":"marcelino.labadie@pagac.info","password":"8MdF}yhn"
"email":"tyreek50@monahan.biz","password":"Ue5(X6p+"
"email":"wmedhurst@feest.com","password":"c^2.K[eH"
"email":"schoen.newell@jacobi.com","password":">d$Y2RH*"
"email":"gardner29@yahoo.com","password":"J$^n6X+d"
"email":"orlo23@tremblay.com","password":")LbFtTv7"
"email":"brooklyn.feest@jones.com","password":"4/UQEs>Y"
"email":"madie.koelpin@hessel.biz","password":"?W%cGr7E"
"email":"irving.wyman@monahan.com","password":"M2-zcEdy"
"email":"coralie.strosin@yahoo.com","password":"?kvq)W7u"
"email":"annetta.hermann@hansen.net","password":"L8YT]d2$"
"email":"anita10@hotmail.com","password":"2{?V6}b8"
"email":"antonio.kohler@ferry.com","password":"2yMHC&Z>"
"email":"erdman.rodrigo@tromp.net","password":"Z^*%4eju"
"email":"mae.dach@hotmail.com","password":"e.n2_$Wx"
"email":"jerrod.flatley@cassin.com","password":"2x@jJ3+6"
"email":"della54@bartoletti.com","password":"&W5f.]SM"
"email":"jay.rohan@conroy.com","password":"*ymb&9LB"
"email":"ytrantow@gmail.com","password":"J^w=96N["
"email":"sylvester.jacobs@gmail.com","password":"PG+Zf-M2"
"email":"rreinger@rempel.com","password":"Qs2)3^%>"
"email":"xwalter@tromp.org","password":"m4X%Y^Jr"
"email":"annabelle.donnelly@kshlerin.com","password":"np.78$qU"
"email":"thomas.marvin@gmail.com","password":"]>aub8.J"
"email":"orrin05@paucek.com","password":"3djeC*RN"
"email":"elwin.ankunding@botsford.com","password":"trSf%J5F"
"email":"nbauch@yahoo.com","password":"nVy_SU6&"
"email":"hanna.rath@yahoo.com","password":"!z4{DWA."
"email":"amelie65@yahoo.com","password":"7.4gSK=B"
"email":"alysa67@gmail.com","password":"6?PnLq9S"
"email":"kamryn.murazik@hammes.com","password":"&Rw2jVJk"
"email":"obecker@littel.biz","password":"9b?$5zMt"
"email":"halle04@yahoo.com","password":"T8%.Uyb}"
"email":"brionna.schimmel@oberbrunner.org","password":"9MCgXU_a"
"email":"marvin.citlalli@yahoo.com","password":"4ueaBMA+"
"email":"louisa.crooks@hotmail.com","password":"+78Q&5Mw"
"email":"gustave.howe@yahoo.com","password":"cY95a(JC"
"email":"thora.bradtke@treutel.com","password":"9FU(y_2/"
"email":"wuckert.melba@hotmail.com","password":"_^Ubm{S7"
"email":"ullrich.magdalena@gmail.com","password":"pSqrg6-U"
"email":"oschoen@gmail.com","password":"m6}7CpL!"
"email":"hoeger.conner@monahan.biz","password":"Z7@xzbsn"
"email":"bergnaum.jillian@rosenbaum.com","password":"^?-Q{8m4"
"email":"supton@gmail.com","password":"Rt3f.4es"
"email":"klocko.lloyd@gmail.com","password":"XKE$(d3n"
"email":"enola.lueilwitz@hegmann.com","password":".@5KkqvD"
"email":"jaylan89@gmail.com","password":"@P4s>XgH"
"email":"eratke@gmail.com","password":"h@X7wEaA"
"email":"nader.darron@hotmail.com","password":"3@r&^jD6"
"email":"magnolia.aufderhar@franecki.info","password":"h6C.8>Wt"
"email":"annette92@gmail.com","password":"m5+XdMuB"
"email":"bradtke.jayne@hotmail.com","password":"jG=s8)*3"
"email":"kuphal.roman@yahoo.com","password":"DU4SH-d3"
"email":"schmidt.eryn@waelchi.com","password":"6JDu}E(c"
"email":"leilani05@walker.com","password":"yLMsH4n{"
"email":"amya75@hill.com","password":"y-$6)QB>"
"email":"alexis.fahey@gmail.com","password":".8=dwzNs"
"email":"hackett.theron@yahoo.com","password":"?9Fu&LjN"
"email":"nella.goldner@gmail.com","password":"jx&b9P!+"
"email":"bcruickshank@willms.biz","password":"wX/=3Rq)"
"email":"czieme@swift.com","password":"%9kX8)A+"
"email":"estell.batz@gmail.com","password":"9eJcDrx^"
"email":"shemar50@yahoo.com","password":"Qn-)9BS4"
"email":"kolson@hotmail.com","password":"25(B$R?j"
"email":"gtillman@hotmail.com","password":"bM.2-mhd"
"email":"sarai.ebert@hotmail.com","password":"buAsD]9w"
"email":"daltenwerth@hotmail.com","password":"rW8Q*2@y"
"email":"ardith30@marks.com","password":"@Th7tC3w"
"email":"pjones@gmail.com","password":"bS37}am8"
"email":"zulauf.aditya@gmail.com","password":"=e2G*bz]"
"email":"jasen56@yahoo.com","password":"y)AcQ2FD"
"email":"julie.sipes@wintheiser.com","password":"Evd&qj7T"
"email":"jaunita.lowe@hotmail.com","password":"#NAME?"
"email":"ernestina.herman@hansen.com","password":"mfbG8CZ?"
"email":"raven.huels@veum.com","password":"8+SL=(rD"
"email":"antoinette57@goodwin.com","password":"VWFMj_5G"
"email":"linwood29@mcclure.net","password":"ZJ?2LYwy"
"email":"pacocha.janelle@gmail.com","password":"Z9*p45wS"
"email":"harber.leif@beatty.info","password":"kU-wDE7r"
"email":"lauer@yahoo.com","password":"N*D4Y7Kw"
"email":"hazel.corkery@schmeler.com","password":"k%[pt3GK"
"email":"nicole33@rath.net","password":"6F9=srBh"
"email":"jschmeler@hotmail.com","password":"4RVS?3dX"
"email":"mustafa.ratke@weber.com","password":"E[y*dj2D"
"email":"kuhic.kale@yahoo.com","password":"NL4rtM*s"
"email":"medhurst.chester@hotmail.com","password":"+6r4gP!."
"email":"green.cleora@lueilwitz.com","password":"d$H4+mbr"
"email":"evalyn.gleason@olson.com","password":"7UuS!>n@"
"email":"murphy.mariana@yahoo.com","password":"vDy=w4L{"
"email":"alena.jacobs@hotmail.com","password":"u92Yvqy>"
"email":"ugoyette@yahoo.com","password":"D_5tH+YT"
"email":"glover.leila@hotmail.com","password":"C$qkS.>7"
"email":"christy.buckridge@quitzon.info","password":"9xjMe-az"
"email":"corkery.pascale@hotmail.com","password":"8xW>nsmF"
"email":"reynolds.penelope@yahoo.com","password":"mpN?xfG2"
"email":"orie.collins@kuhic.info","password":"D7(sdgfV"
"email":"dianna.veum@gmail.com","password":"s3CDf*=K"
"email":"oliver.mills@gusikowski.biz","password":"S2!)4k_7"
"email":"pgleason@yahoo.com","password":"n4$AJ3yx"
"email":"bella.labadie@yahoo.com","password":"-5XKqrfz"
"email":"hartmann.kayleigh@yahoo.com","password":"zTyBwV/9"
"email":"sierra36@yahoo.com","password":"2[YvVEGX"
"email":"donnelly.fred@gmail.com","password":"]k53TZ9v"
"email":"schmidt.laurie@hessel.com","password":"r&e8CkJ_"
"email":"leonel46@yahoo.com","password":"NL.Xx2kS"
"email":"francisco.runte@hotmail.com","password":"97(pkWY]"
"email":"mossie.jacobi@yahoo.com","password":"{APf4_Q7"
"email":"beverly.thiel@yahoo.com","password":"=n7ZxMJ)"
"email":"marks.twila@corwin.com","password":"U=m(P4Nb"
"email":"atorphy@goodwin.com","password":"2YUh=@/{"
"email":"clare.rice@gmail.com","password":"tSr.Tz_3"
"email":"cassandre.runte@yahoo.com","password":"*a)3ZXL4"
"email":"derick.krajcik@gmail.com","password":"s[PK+9rv"
"email":"lyda.ratke@glover.com","password":"s?a6FyLr"
"email":"eryn.legros@yahoo.com","password":"kTr@X8Mb"
"email":"cole.ricardo@gmail.com","password":"7w?/R=PE"
"email":"baby76@rau.info","password":"Md&vm7{q"
"email":"kihn.teagan@yahoo.com","password":"8hF*.X7A"
"email":"weber.antonetta@wolf.com","password":"&k/3TQts"
"email":"marquise.mohr@gmail.com","password":"%2*wB}v5"
"email":"yundt.gerda@yahoo.com","password":"{3g5BvA["
"email":"lauren42@parisian.com","password":"DPfTV3])"
"email":"madelynn56@lind.org","password":"=/D4v*n)"
"email":"tiana.jones@hotmail.com","password":"^5Par&RA"
"email":"ojacobson@lemke.com","password":"wt.T8A9a"
"email":"ldaniel@dibbert.net","password":"F3k4-@59"
"email":"alene.torp@yahoo.com","password":"DV^S=9b2"
"email":"beahan.viva@gutmann.org","password":"dgE7()Kx"
"email":"lynch.ignatius@osinski.biz","password":"#NAME?"
"email":"kling.francis@yahoo.com","password":"j3yQ!T.p"
"email":"jhand@hotmail.com","password":">{z/Sna4"
"email":"wlind@boyer.net","password":"9+UbwH.8"
"email":"stiedemann.johnson@renner.info","password":"@3*%Y[7c"
"email":"koby82@price.com","password":"E=Yz![4@"
"email":"dhammes@hotmail.com","password":"[&p_U6r%"
"email":"addie.anderson@bergnaum.com","password":"ks-NSb9M"
"email":"haven.heathcote@hotmail.com","password":"?wN2hsT-"
"email":"kaia22@hyatt.com","password":"3Zpt>Aqa"
"email":"norbert45@blick.org","password":"j9PRy+&M"
"email":"howell.bridget@hotmail.com","password":"h2tT%)6k"
"email":"brandi.ullrich@gmail.com","password":"5wA+JpPe"
"email":"barry.pfannerstill@vandervort.com","password":"2%N7BcAL"
"email":"missouri.bergstrom@bosco.com","password":"ZX-5@$dH"
"email":"bsteuber@reichel.biz","password":"eA>_xb8Z"
"email":"rosalia25@wisoky.info","password":"+wk4R=B]"
"email":"ischamberger@kunde.com","password":"?P8aH+4S"
"email":"pouros.mary@gmail.com","password":"=qDjy6z-"
"email":"anjali.bernhard@hotmail.com","password":"7rD%jXQ5"
"email":"braun.ines@gmail.com","password":"y7)K3?9*"
"email":"levi.kautzer@tillman.com","password":"j}Wd)Dy4"
"email":"sauer.mckenzie@gmail.com","password":"C[GpBn2t"
"email":"moconnell@yahoo.com","password":"n{a^U92s"
"email":"bogisich.sigmund@yahoo.com","password":"#NAME?"
"email":"gudrun24@morar.biz","password":"H&.sbe8D"
"email":"estefania97@hotmail.com","password":"^9dS$q5/"
"email":"pspencer@willms.com","password":"]W^?{G7a"
"email":"quinton34@bahringer.com","password":"Gz$_9Eep"
"email":"cokon@raynor.com","password":"KE_Sw9m%"
"email":"ollie35@hilpert.org","password":"ft5QwM[%"
"email":"lynn09@gmail.com","password":"d8h7P*Ua"
"email":"kassulke.nels@yahoo.com","password":"Krd3@Gw7"
"email":"tyshawn65@will.com","password":"jB}4A9*r"
"email":"columbus71@hotmail.com","password":"=n+>6sK_"
"email":"aparker@hotmail.com","password":"abrZm.g2"
"email":"makenna48@ferry.com","password":"!REsWPX6"
"email":"kiley83@yahoo.com","password":"mghk2]Tp"
"email":"ewald.cormier@cronin.com","password":"AgT*H6c."
"email":"ariane.rath@bode.com","password":"mZF&hU$4"
"email":"jerde.cristina@hotmail.com","password":"8gnYB%*m"
"email":"gladys.rosenbaum@nikolaus.org","password":"GNVvP%3F"
"email":"camille48@spencer.biz","password":"7m3W(Z}G"
"email":"bauch.laney@yahoo.com","password":"ugz8BaN("
"email":"keith04@yahoo.com","password":"7xJqTbM&"
"email":"zkuhlman@hyatt.biz","password":"6hV_(L^>"
"email":"fadel.howell@von.org","password":"8]HzNse3"
"email":"dallin36@ohara.net","password":"RN[7/Yf8"
"email":"mraynor@gmail.com","password":"{V92dt@L"
"email":"welch.forest@lynch.com","password":"P-5Yp$X/"
"email":"rosina.skiles@larson.net","password":"]{)S[3sj"
"email":"brycen.moore@goldner.net","password":"9V*4FWAb"
"email":"cole.brannon@dubuque.com","password":"bw5QAj!+"
"email":"cormier.danial@hotmail.com","password":".xeq8WCE"
"email":"ylarson@fahey.com","password":"*!PyV3w9"
"email":"tmertz@homenick.com","password":"4$5zT8-x"
"email":"hillary88@erdman.org","password":"P^)&5n=G"
"email":"heathcote.geo@hotmail.com","password":"8MdF}yhn"
"email":"jocelyn62@gmail.com","password":"Ue5(X6p+"
"email":"shaina.gerhold@gmail.com","password":"c^2.K[eH"
"email":"flavio.reinger@windler.com","password":">d$Y2RH*"
"email":"hbeer@yahoo.com","password":"J$^n6X+d"
"email":"eulah.donnelly@hotmail.com","password":")LbFtTv7"
"email":"buford.dickinson@kerluke.com","password":"4/UQEs>Y"
"email":"fmills@weissnat.com","password":"?W%cGr7E"
"email":"lebsack.misael@berge.com","password":"M2-zcEdy"
"email":"geovanni37@yahoo.com","password":"?kvq)W7u"
"email":"patience92@hotmail.com","password":"L8YT]d2$"
"email":"paula31@collier.com","password":"2{?V6}b8"
"email":"herta.beer@hotmail.com","password":"2yMHC&Z>"
"email":"nick.kris@oconner.net","password":"Z^*%4eju"
"email":"ygorczany@yahoo.com","password":"e.n2_$Wx"
"email":"odoyle@johnston.com","password":"2x@jJ3+6"
"email":"cartwright.gregoria@yahoo.com","password":"&W5f.]SM"
"email":"katelyn.kuvalis@powlowski.com","password":"*ymb&9LB"
"email":"electa53@pfannerstill.com","password":"J^w=96N["
"email":"wilhelm.lakin@cartwright.com","password":"PG+Zf-M2"
"email":"dave41@gmail.com","password":"Qs2)3^%>"
"email":"dmills@johnston.com","password":"m4X%Y^Jr"
"email":"colin03@johnson.biz","password":"np.78$qU"
"email":"melba.oreilly@homenick.com","password":"]>aub8.J"
"email":"flebsack@walter.com","password":"3djeC*RN"
"email":"dorthy60@ratke.org","password":"trSf%J5F"
"email":"assunta17@yahoo.com","password":"nVy_SU6&"
"email":"epredovic@macejkovic.com","password":"!z4{DWA."
"email":"pabernathy@hotmail.com","password":"7.4gSK=B"
"email":"zweber@yahoo.com","password":"6?PnLq9S"
"email":"idare@gmail.com","password":"&Rw2jVJk"
"email":"jannie10@baumbach.biz","password":"9b?$5zMt"
"email":"franz32@johnston.com","password":"T8%.Uyb}"
"email":"aditya.davis@brekke.com","password":"9MCgXU_a"
"email":"daron.zemlak@denesik.org","password":"4ueaBMA+"
"email":"ada40@wuckert.org","password":"+78Q&5Mw"
"email":"lang.tad@gmail.com","password":"cY95a(JC"
"email":"meaghan42@gmail.com","password":"9FU(y_2/"
"email":"wvolkman@robel.com","password":"_^Ubm{S7"
"email":"xbuckridge@gmail.com","password":"pSqrg6-U"
"email":"lebsack.curtis@haley.com","password":"m6}7CpL!"
"email":"alexanne77@parisian.biz","password":"Z7@xzbsn"
"email":"vmayert@yahoo.com","password":"^?-Q{8m4"
"email":"laney.heaney@bauch.com","password":"Rt3f.4es"
"email":"xanderson@jones.com","password":"XKE$(d3n"
"email":"wcummerata@kihn.net","password":".@5KkqvD"
"email":"xframi@yahoo.com","password":"@P4s>XgH"
"email":"yprohaska@rolfson.com","password":"h@X7wEaA"
"email":"thora28@schneider.com","password":"3@r&^jD6"
"email":"nzboncak@renner.com","password":"h6C.8>Wt"
"email":"cathrine81@orn.com","password":"m5+XdMuB"
"email":"quigley.kellen@corkery.com","password":"jG=s8)*3"
"email":"qhegmann@hotmail.com","password":"DU4SH-d3"
"email":"rutherford.vincent@gmail.com","password":"6JDu}E(c"
"email":"marshall02@gmail.com","password":"yLMsH4n{"
"email":"dietrich.tony@veum.biz","password":"y-$6)QB>"
"email":"akoss@hotmail.com","password":".8=dwzNs"
"email":"jflatley@balistreri.com","password":"?9Fu&LjN"
"email":"cassandre.smith@greenfelder.net","password":"jx&b9P!+"
"email":"hegmann.rhoda@yahoo.com","password":"wX/=3Rq)"
"email":"hauck.cory@wilderman.com","password":"%9kX8)A+"
"email":"lesch.jimmy@connelly.org","password":"9eJcDrx^"
"email":"florian.mcglynn@yahoo.com","password":"Qn-)9BS4"
"email":"ehaley@walter.biz","password":"25(B$R?j"
"email":"spinka.amaya@trantow.biz","password":"bM.2-mhd"
"email":"akreiger@schmidt.com","password":"buAsD]9w"
"email":"jmcclure@goldner.org","password":"rW8Q*2@y"
"email":"juvenal.homenick@kunde.org","password":"@Th7tC3w"
"email":"hickle.princess@stanton.org","password":"bS37}am8"
"email":"regan87@hermann.net","password":"=e2G*bz]"
"email":"cindy99@hill.net","password":"y)AcQ2FD"
"email":"oconner.kenny@yahoo.com","password":"Evd&qj7T"
"email":"kirk.collier@huels.com","password":"#NAME?"
"email":"baylee47@schaden.com","password":"mfbG8CZ?"
"email":"nkoelpin@daugherty.com","password":"8+SL=(rD"
"email":"xthompson@anderson.biz","password":"VWFMj_5G"
"email":"makenna.schneider@gmail.com","password":"ZJ?2LYwy"
"email":"marcia.mcglynn@oconner.org","password":"Z9*p45wS"
"email":"juston.wiza@yahoo.com","password":"kU-wDE7r"
"email":"janessa.graham@hotmail.com","password":"N*D4Y7Kw"
"email":"jazlyn77@watsica.com","password":"k%[pt3GK"
"email":"lhand@yahoo.com","password":"6F9=srBh"
"email":"lillie.dare@gmail.com","password":"4RVS?3dX"
"email":"camylle08@auer.com","password":"E[y*dj2D"
"email":"milford.effertz@cassin.com","password":"NL4rtM*s"
"email":"antonietta.hackett@conroy.com","password":"+6r4gP!."
"email":"ychristiansen@hotmail.com","password":"d$H4+mbr"
"email":"willie.maggio@barton.com","password":"7UuS!>n@"
"email":"general60@hotmail.com","password":"vDy=w4L{"
"email":"vortiz@hotmail.com","password":"u92Yvqy>"
"email":"barney88@gmail.com","password":"D_5tH+YT"